schemaname,tablename,indexname,indexdef
public,01_brand,01_brand_brand_key_key,"CREATE UNIQUE INDEX ""01_brand_brand_key_key"" ON public.""01_brand"" USING btree (brand_key)"
public,01_brand,01_brand_pkey,"CREATE UNIQUE INDEX ""01_brand_pkey"" ON public.""01_brand"" USING btree (brand_id)"
public,01_brand,01_brand_slug_key,"CREATE UNIQUE INDEX ""01_brand_slug_key"" ON public.""01_brand"" USING btree (slug)"
public,02_bike_model,02_bike_model_model_key_key,"CREATE UNIQUE INDEX ""02_bike_model_model_key_key"" ON public.""02_bike_model"" USING btree (model_key)"
public,02_bike_model,02_bike_model_pkey,"CREATE UNIQUE INDEX ""02_bike_model_pkey"" ON public.""02_bike_model"" USING btree (bike_model_id)"
public,02_bike_model,idx_02_bike_model_brand_id,"CREATE INDEX idx_02_bike_model_brand_id ON public.""02_bike_model"" USING btree (brand_id)"
public,02_bike_model,uq_02_bike_model_brand_slug,"CREATE UNIQUE INDEX uq_02_bike_model_brand_slug ON public.""02_bike_model"" USING btree (brand_id, slug)"
public,03_bike_model_year,03_bike_model_year_canonical_key_key,"CREATE UNIQUE INDEX ""03_bike_model_year_canonical_key_key"" ON public.""03_bike_model_year"" USING btree (canonical_key)"
public,03_bike_model_year,03_bike_model_year_model_year_key_key,"CREATE UNIQUE INDEX ""03_bike_model_year_model_year_key_key"" ON public.""03_bike_model_year"" USING btree (model_year_key)"
public,03_bike_model_year,03_bike_model_year_pkey,"CREATE UNIQUE INDEX ""03_bike_model_year_pkey"" ON public.""03_bike_model_year"" USING btree (bike_model_year_id)"
public,03_bike_model_year,idx_03_bike_model_year_battery_standard_code,"CREATE INDEX idx_03_bike_model_year_battery_standard_code ON public.""03_bike_model_year"" USING btree (battery_standard_code)"
public,03_bike_model_year,idx_03_bike_model_year_bike_model_id,"CREATE INDEX idx_03_bike_model_year_bike_model_id ON public.""03_bike_model_year"" USING btree (bike_model_id)"
public,03_bike_model_year,idx_03_bike_model_year_model_key,"CREATE INDEX idx_03_bike_model_year_model_key ON public.""03_bike_model_year"" USING btree (model_key)"
public,04_tire_product,04_tire_product_pkey,"CREATE UNIQUE INDEX ""04_tire_product_pkey"" ON public.""04_tire_product"" USING btree (tire_product_id)"
public,04_tire_product,04_tire_product_tire_product_key_key,"CREATE UNIQUE INDEX ""04_tire_product_tire_product_key_key"" ON public.""04_tire_product"" USING btree (tire_product_key)"
public,04_tire_product,idx_04_tire_product_size,"CREATE INDEX idx_04_tire_product_size ON public.""04_tire_product"" USING btree (width, ratio, diameter)"
public,04_tire_product,idx_04_tire_product_tire_model_id,"CREATE INDEX idx_04_tire_product_tire_model_id ON public.""04_tire_product"" USING btree (tire_model_id)"
public,05_battery_product,05_battery_product_battery_part_key_key,"CREATE UNIQUE INDEX ""05_battery_product_battery_part_key_key"" ON public.""05_battery_product"" USING btree (battery_part_key)"
public,05_battery_product,05_battery_product_pkey,"CREATE UNIQUE INDEX ""05_battery_product_pkey"" ON public.""05_battery_product"" USING btree (battery_product_id)"
public,06_brake_product,06_brake_product_brake_product_key_key,"CREATE UNIQUE INDEX ""06_brake_product_brake_product_key_key"" ON public.""06_brake_product"" USING btree (brake_product_key)"
public,06_brake_product,06_brake_product_pkey,"CREATE UNIQUE INDEX ""06_brake_product_pkey"" ON public.""06_brake_product"" USING btree (brake_product_id)"
public,07_bike_model_year_tire_product,07_bike_model_year_tire_product_pkey,"CREATE UNIQUE INDEX ""07_bike_model_year_tire_product_pkey"" ON public.""07_bike_model_year_tire_product"" USING btree (id)"
public,07_bike_model_year_tire_product,idx_07_tire_mapping_bike_model_year_id,"CREATE INDEX idx_07_tire_mapping_bike_model_year_id ON public.""07_bike_model_year_tire_product"" USING btree (bike_model_year_id)"
public,07_bike_model_year_tire_product,idx_07_tire_mapping_tire_product_id,"CREATE INDEX idx_07_tire_mapping_tire_product_id ON public.""07_bike_model_year_tire_product"" USING btree (tire_product_id)"
public,07_bike_model_year_tire_product,uq_07_bike_model_year_tire_product,"CREATE UNIQUE INDEX uq_07_bike_model_year_tire_product ON public.""07_bike_model_year_tire_product"" USING btree (bike_model_year_id, tire_product_id, position_type)"
public,08_battery_standard_product,08_battery_standard_product_pkey,"CREATE UNIQUE INDEX ""08_battery_standard_product_pkey"" ON public.""08_battery_standard_product"" USING btree (id)"
public,08_battery_standard_product,idx_08_battery_standard_product_battery_product_id,"CREATE INDEX idx_08_battery_standard_product_battery_product_id ON public.""08_battery_standard_product"" USING btree (battery_product_id)"
public,08_battery_standard_product,idx_08_battery_standard_product_standard_code,"CREATE INDEX idx_08_battery_standard_product_standard_code ON public.""08_battery_standard_product"" USING btree (battery_standard_code)"
public,08_battery_standard_product,uq_08_battery_standard_product,"CREATE UNIQUE INDEX uq_08_battery_standard_product ON public.""08_battery_standard_product"" USING btree (battery_standard_code, battery_product_id)"
public,09_bike_model_year_brake_product,09_bike_model_year_brake_product_pkey,"CREATE UNIQUE INDEX ""09_bike_model_year_brake_product_pkey"" ON public.""09_bike_model_year_brake_product"" USING btree (id)"
public,09_bike_model_year_brake_product,idx_09_brake_mapping_bike_model_year_id,"CREATE INDEX idx_09_brake_mapping_bike_model_year_id ON public.""09_bike_model_year_brake_product"" USING btree (bike_model_year_id)"
public,09_bike_model_year_brake_product,idx_09_brake_mapping_brake_product_id,"CREATE INDEX idx_09_brake_mapping_brake_product_id ON public.""09_bike_model_year_brake_product"" USING btree (brake_product_id)"
public,09_bike_model_year_brake_product,uq_09_bike_model_year_brake_product,"CREATE UNIQUE INDEX uq_09_bike_model_year_brake_product ON public.""09_bike_model_year_brake_product"" USING btree (bike_model_year_id, brake_product_id, position_type)"
public,10_bike_model_year_image,10_bike_model_year_image_pkey,"CREATE UNIQUE INDEX ""10_bike_model_year_image_pkey"" ON public.""10_bike_model_year_image"" USING btree (image_id)"
public,10_bike_model_year_image,uq_10_image_storage_path,"CREATE UNIQUE INDEX uq_10_image_storage_path ON public.""10_bike_model_year_image"" USING btree (image_storage_path)"
public,10_bike_model_year_image,uq_10_model_year_image_type_order,"CREATE UNIQUE INDEX uq_10_model_year_image_type_order ON public.""10_bike_model_year_image"" USING btree (bike_model_year_id, image_type, display_order)"
public,11_tire_model,11_tire_model_brand_model_unique,"CREATE UNIQUE INDEX ""11_tire_model_brand_model_unique"" ON public.""11_tire_model"" USING btree (brand_name, model_name)"
public,11_tire_model,11_tire_model_pkey,"CREATE UNIQUE INDEX ""11_tire_model_pkey"" ON public.""11_tire_model"" USING btree (tire_model_id)"
public,11_tire_model,11_tire_model_tire_model_key_key,"CREATE UNIQUE INDEX ""11_tire_model_tire_model_key_key"" ON public.""11_tire_model"" USING btree (tire_model_key)"
public,11_tire_model,idx_11_tire_model_brand_name,"CREATE INDEX idx_11_tire_model_brand_name ON public.""11_tire_model"" USING btree (brand_name)"
public,11_tire_model,idx_11_tire_model_model_name,"CREATE INDEX idx_11_tire_model_model_name ON public.""11_tire_model"" USING btree (model_name)"
public,12_content,12_content_content_key_key,"CREATE UNIQUE INDEX ""12_content_content_key_key"" ON public.""12_content"" USING btree (content_key)"
public,12_content,12_content_pkey,"CREATE UNIQUE INDEX ""12_content_pkey"" ON public.""12_content"" USING btree (content_id)"
public,12_content,idx_12_content_content_type,"CREATE INDEX idx_12_content_content_type ON public.""12_content"" USING btree (content_type)"
public,12_content,idx_12_content_publication,"CREATE INDEX idx_12_content_publication ON public.""12_content"" USING btree (is_active, published_at DESC)"
public,13_content_bike_model,13_content_bike_model_pkey,"CREATE UNIQUE INDEX ""13_content_bike_model_pkey"" ON public.""13_content_bike_model"" USING btree (content_bike_model_id)"
public,13_content_bike_model,idx_13_content_bike_model_bike_model_id,"CREATE INDEX idx_13_content_bike_model_bike_model_id ON public.""13_content_bike_model"" USING btree (bike_model_id)"
public,13_content_bike_model,uq_13_content_bike_model,"CREATE UNIQUE INDEX uq_13_content_bike_model ON public.""13_content_bike_model"" USING btree (content_id, bike_model_id)"
public,14_content_bike_model_year,14_content_bike_model_year_pkey,"CREATE UNIQUE INDEX ""14_content_bike_model_year_pkey"" ON public.""14_content_bike_model_year"" USING btree (content_bike_model_year_id)"
public,14_content_bike_model_year,idx_14_content_bike_model_year_bike_model_year_id,"CREATE INDEX idx_14_content_bike_model_year_bike_model_year_id ON public.""14_content_bike_model_year"" USING btree (bike_model_year_id)"
public,14_content_bike_model_year,uq_14_content_bike_model_year,"CREATE UNIQUE INDEX uq_14_content_bike_model_year ON public.""14_content_bike_model_year"" USING btree (content_id, bike_model_year_id)"
public,15_content_part_link,15_content_part_link_pkey,"CREATE UNIQUE INDEX ""15_content_part_link_pkey"" ON public.""15_content_part_link"" USING btree (content_part_link_id)"
public,15_content_part_link,idx_15_content_part_link_content_id,"CREATE INDEX idx_15_content_part_link_content_id ON public.""15_content_part_link"" USING btree (content_id)"
public,15_content_part_link,idx_15_content_part_link_is_active,"CREATE INDEX idx_15_content_part_link_is_active ON public.""15_content_part_link"" USING btree (is_active)"
public,15_content_part_link,idx_15_content_part_link_part_type,"CREATE INDEX idx_15_content_part_link_part_type ON public.""15_content_part_link"" USING btree (part_type)"
public,16_content_topic,16_content_topic_pkey,"CREATE UNIQUE INDEX ""16_content_topic_pkey"" ON public.""16_content_topic"" USING btree (content_topic_id)"
public,16_content_topic,16_content_topic_topic_key_key,"CREATE UNIQUE INDEX ""16_content_topic_topic_key_key"" ON public.""16_content_topic"" USING btree (topic_key)"
public,16_content_topic,idx_16_content_topic_bike_model_id,"CREATE INDEX idx_16_content_topic_bike_model_id ON public.""16_content_topic"" USING btree (bike_model_id) WHERE (bike_model_id IS NOT NULL)"
public,16_content_topic,idx_16_content_topic_intent,"CREATE INDEX idx_16_content_topic_intent ON public.""16_content_topic"" USING btree (normalized_scope, normalized_subject, normalized_action, content_type, part_type, bike_model_id)"
public,16_content_topic,idx_16_content_topic_queue,"CREATE INDEX idx_16_content_topic_queue ON public.""16_content_topic"" USING btree (status, priority, created_at, content_topic_id)"
public,16_content_topic,uq_16_content_topic_content_id,"CREATE UNIQUE INDEX uq_16_content_topic_content_id ON public.""16_content_topic"" USING btree (content_id)"
public,17_content_asset_source,17_content_asset_source_content_id_idx,"CREATE INDEX ""17_content_asset_source_content_id_idx"" ON public.""17_content_asset_source"" USING btree (content_id)"
public,17_content_asset_source,17_content_asset_source_content_key_asset_key_key,"CREATE UNIQUE INDEX ""17_content_asset_source_content_key_asset_key_key"" ON public.""17_content_asset_source"" USING btree (content_key, asset_key)"
public,17_content_asset_source,17_content_asset_source_pkey,"CREATE UNIQUE INDEX ""17_content_asset_source_pkey"" ON public.""17_content_asset_source"" USING btree (content_asset_source_id)"
public,17_content_asset_source,17_content_asset_source_rights_status_idx,"CREATE INDEX ""17_content_asset_source_rights_status_idx"" ON public.""17_content_asset_source"" USING btree (rights_status, used_in_service)"
public,20_service_shop,20_service_shop_pkey,"CREATE UNIQUE INDEX ""20_service_shop_pkey"" ON public.""20_service_shop"" USING btree (service_shop_id)"
public,20_service_shop,idx_20_service_shop_kakao_place_id,"CREATE INDEX idx_20_service_shop_kakao_place_id ON public.""20_service_shop"" USING btree (kakao_place_id) WHERE (kakao_place_id IS NOT NULL)"
public,20_service_shop,idx_20_service_shop_region,"CREATE INDEX idx_20_service_shop_region ON public.""20_service_shop"" USING btree (sido_name, sigungu_name, subdistrict_name, dong_name)"
public,20_service_shop,idx_service_shop_active_verified,"CREATE INDEX idx_service_shop_active_verified ON public.""20_service_shop"" USING btree (is_active, verification_status)"
public,20_service_shop,idx_service_shop_coords,"CREATE INDEX idx_service_shop_coords ON public.""20_service_shop"" USING btree (latitude, longitude)"
public,20_service_shop,service_shop_name_address_unique,"CREATE UNIQUE INDEX service_shop_name_address_unique ON public.""20_service_shop"" USING btree (shop_name, address)"
public,21_service_shop_service,21_service_shop_service_pkey,"CREATE UNIQUE INDEX ""21_service_shop_service_pkey"" ON public.""21_service_shop_service"" USING btree (service_shop_service_id)"
public,21_service_shop_service,idx_service_shop_service_shop,"CREATE INDEX idx_service_shop_service_shop ON public.""21_service_shop_service"" USING btree (service_shop_id, service_type)"
public,21_service_shop_service,service_shop_service_unique,"CREATE UNIQUE INDEX service_shop_service_unique ON public.""21_service_shop_service"" USING btree (service_shop_id, service_type)"
public,22_service_shop_discovery_checkpoint,22_service_shop_discovery_checkpoint_pkey,"CREATE UNIQUE INDEX ""22_service_shop_discovery_checkpoint_pkey"" ON public.""22_service_shop_discovery_checkpoint"" USING btree (checkpoint_id)"
